{
  "conf_threshold": 0.2176927924156189,
  "dist_threshold": 20.144418334960935
}