{
  "train_loss": [
    2.3980952520988494,
    1.9075681755776024,
    1.6307521729790422,
    1.4106232491351447,
    1.184742289243841,
    0.9770543496520879,
    0.7854698977446162,
    0.6277484224287951,
    0.5127513760078363,
    0.4257594487870058
  ],
  "train_acc": [
    0.21601016518424396,
    0.36509953409572216,
    0.44896230410842863,
    0.5455315544260907,
    0.6315120711562897,
    0.7085980516730199,
    0.7911901736552308,
    0.8445573909360441,
    0.8691232528589581,
    0.8898771706903854
  ],
  "val_loss": [
    2.5964058074854353,
    2.2632331545582884,
    2.0104392476493333,
    2.024428163688195,
    2.033786517714486,
    2.1121225889564164,
    2.183480184090319,
    2.324371325788159,
    2.4633615501035893,
    2.5559142688809313
  ],
  "val_acc": [
    0.18612521150592218,
    0.25380710659898476,
    0.3316412859560068,
    0.33671742808798644,
    0.3350253807106599,
    0.311336717428088,
    0.3130287648054145,
    0.32656514382402707,
    0.32318104906937395,
    0.3011844331641286
  ]
}